stock,model,cadence_months,start,end,sessions,daily_r2,daily_regression_r2,daily_rmse,daily_gap_pp,replica_cagr,stock_cagr,replica_vol,stock_vol,terminal_replica,terminal_stock,stress_replica_cagr,mean_option_premium,mean_abs_rates_weight,solver_failures,fallbacks,decisions,volatility_cap_decisions,r2_1m,gap_1m_pp,n_1m,r2_3m,gap_3m_pp,n_3m,r2_12m,gap_12m_pp,n_12m,r2_36m,gap_36m_pp,n_36m,r2_60m,gap_60m_pp,n_60m
WPM,metals_daily_m,1,2011-07-29,2026-09-30,3813,0.5365284858781886,0.5371300113023265,0.017004506003882983,0.9495433523277856,0.04923519877867344,0.10401965719452955,0.29882428393139565,0.39656074656711865,2.0735155863259713,4.488428848832516,0.04834206551456055,0.0,0.0,0,0,182,0,0.6536691499487588,4.218078000004699,182,0.6428726164703824,7.462529474678487,180,0.714302533693078,11.51605594606121,171,0.7679453118551272,18.27509757316914,147,0.5311524861938379,35.291996377047276,123
WPM,metals_daily_q,3,2011-07-29,2026-09-30,3813,0.5358286353047885,0.5367507037608821,0.01701733972048347,0.9532450795892787,0.045711483288947585,0.10401965719452955,0.3012889451355464,0.39656074656711865,1.970333285660642,4.488428848832516,0.04509118199031925,0.0,0.0,0,0,61,0,0.6547520152405883,4.116399229422052,182,0.6448143387130214,7.460912176605855,180,0.7229565474519783,11.569266128834155,171,0.7774820293747955,19.319327282099664,147,0.5437842393104362,33.05155101531936,123
WPM,rates_daily_m,1,2011-07-29,2026-09-30,3813,0.5381825011026383,0.5388357940697217,0.016974136445818716,0.9637613379707144,0.0412593634411087,0.10401965719452955,0.2994730071558282,0.39656074656711865,1.8468195299744365,4.488428848832516,0.04006454647239166,0.0,0.15137137540271697,0,0,182,0,0.6544142662493866,4.367604164432626,182,0.6332862952764591,7.645277775154874,180,0.7101277777747006,11.087896084826031,171,0.7886396770132325,18.491566977985663,147,0.5814010001978327,31.58491559339318,123
WPM,rates_daily_q,3,2011-07-29,2026-09-30,3813,0.5377851598131023,0.5385903725590667,0.016981437030119114,0.9587964939997664,0.04087972208897672,0.10401965719452955,0.30072848484507336,0.39656074656711865,1.836629074800422,4.488428848832516,0.04010673362626238,0.0,0.1512617764301421,0,0,61,0,0.6575630976818536,4.045206071566448,182,0.6377805933334936,7.551034619225893,180,0.7197580347727417,11.148562713062283,171,0.7960756454186119,18.693366820799472,147,0.5973176112688664,30.6534505883571,123
WPM,conditional_rates_daily_m,1,2011-07-29,2026-09-30,3813,0.5392532419387173,0.539779525065775,0.01695444744733182,0.9545649638447413,0.03954624192419409,0.10401965719452955,0.29833240921848064,0.39656074656711865,1.8012501011538953,4.488428848832516,0.037765143897441344,0.0,0.15406245655658835,0,0,182,0,0.6542614938215627,4.193554726804772,182,0.6382588592674451,7.614317939078729,180,0.7196722571328489,11.018608159634669,171,0.8137399407642781,16.238441634866764,147,0.6330770138147495,28.304195828201273,123
WPM,conditional_rates_daily_q,3,2011-07-29,2026-09-30,3813,0.537514857004756,0.5380773769100169,0.016986401668681275,0.9582967434867452,0.042249171950125675,0.10401965719452955,0.2983970763799019,0.39656074656711865,1.8736371951417032,4.488428848832516,0.04126680836843688,0.0,0.15901738040737,0,0,61,0,0.6603388052484167,3.9786848521714546,182,0.6444266334144026,7.463595473651702,180,0.7272313672779992,11.361548411703593,171,0.8069499075251099,18.846187007672512,147,0.6286375679721932,29.36266039564286,123
WPM,rates_balanced_m,1,2011-07-29,2026-09-30,3813,0.4938650962539278,0.5128856172276157,0.017769926864828152,0.9758214889349088,0.030181342079822926,0.10401965719452955,0.33840533119628047,0.39656074656711865,1.5701511063653706,4.488428848832516,0.028571558074453662,0.0,0.1844434796546709,0,0,182,0,0.6438784639293893,3.7659197988870075,182,0.6557532805633257,7.315297392850018,180,0.7451402126745651,12.564502737894534,171,0.7945683934701928,21.593708872191343,147,0.5801321797484331,35.34959398812207,123
WPM,rates_balanced_q,3,2011-07-29,2026-09-30,3813,0.49963349700198667,0.5151581619720933,0.017668375091138167,0.980955965801457,0.033629837849528554,0.10401965719452955,0.33373409140077703,0.39656074656711865,1.651821614315064,4.488428848832516,0.0324631638824282,0.0,0.1656356738857727,0,0,61,0,0.6449854935918353,4.095406427916959,182,0.6492540541741874,7.2829813746711825,180,0.7227196064895527,13.148944065368385,171,0.7807636279100645,22.408245810413895,147,0.5581980859644617,36.07707732892658,123
WPM,conditional_rates_balanced_m,1,2011-07-29,2026-09-30,3813,0.4928750091037105,0.5116462160295618,0.01778729889391491,0.9686902966639463,0.029351804374563084,0.10401965719452955,0.3376937579645339,0.39656074656711865,1.55107614580718,4.488428848832516,0.027351270360147506,0.0,0.18590203093841198,0,0,182,0,0.6438308502038406,3.9003752786916754,182,0.6625341004016767,7.282491047162298,180,0.7498402016106247,12.204438303722863,171,0.8127876668304086,22.158918830187034,147,0.5983041521553267,33.97621256042713,123
WPM,conditional_rates_balanced_q,3,2011-07-29,2026-09-30,3813,0.49689826155763495,0.5112285316387453,0.017716601042244005,0.9704547660395786,0.0341178135864153,0.10401965719452955,0.33069103770115366,0.39656074656711865,1.6636936768707677,4.488428848832516,0.03271341425919472,0.0,0.18009189758672345,0,0,61,0,0.644394993641167,4.08547409087242,182,0.6572603265196664,6.992714811101358,180,0.7291213895426865,13.019360247058154,171,0.8059103303673029,22.2468844351134,147,0.5875256825373234,34.88998508003709,123
WPM,options_daily_m,1,2011-07-29,2026-09-30,3813,0.5055687332708996,0.5148849381679742,0.017563273318332715,0.9542996691749921,-0.18835995845275633,0.10401965719452955,0.3164807900660828,0.39656074656711865,0.04214601549761178,4.488428848832516,-0.365583200778248,0.13032363590658513,0.1528523283738981,0,0,182,0,0.5923265495375901,4.656792305446745,182,0.46521447216812883,8.738414649099552,180,0.17241267905114954,25.955679802688646,171,-0.4793686494128553,70.94574355566974,147,-1.7207812732175394,142.52232590651528,123
WPM,options_daily_q,3,2011-07-29,2026-09-30,3813,0.5282984167084254,0.532551671077657,0.017154819918811456,0.946338126360453,-0.03299982028566739,0.10401965719452955,0.3131943920242796,0.39656074656711865,0.601000249216361,4.488428848832516,-0.09690396807387625,0.13345187915701023,0.1556120070662481,0,0,61,0,0.6452498441871874,4.099418866848636,182,0.6153069284764899,7.371241621773916,180,0.6542366409764253,13.404908673652049,171,0.5968723814266876,30.931624531619086,147,0.10257288836770428,65.0950433179561,123
WPM,conditional_options_daily_m,1,2011-07-29,2026-09-30,3813,0.5067597996819422,0.5152711262291768,0.017542105928838772,0.9546702729127889,-0.18988211875328087,0.10401965719452955,0.3144240620629976,0.39656074656711865,0.04096251879850869,4.488428848832516,-0.3692417532883493,0.13116304194153205,0.1563035548583067,0,0,182,0,0.5892550288294223,4.777754685071023,182,0.4728663758369951,8.509813325409876,180,0.18612060493479632,25.34816201705582,171,-0.4780712050183127,71.03803669420395,147,-1.7008061239510202,141.3608928709814,123
WPM,conditional_options_daily_q,3,2011-07-29,2026-09-30,3813,0.5291426401225918,0.532852084227766,0.017139461706183905,0.9469737087882275,-0.030240604008616723,0.10401965719452955,0.3114716645027912,0.39656074656711865,0.6275532155895102,4.488428848832516,-0.09632054021700587,0.13641148529966854,0.16384804125464794,0,0,61,0,0.6479727699831183,4.114757338097102,182,0.6199144507760196,7.3751099693120885,180,0.6646470059260177,12.728662178791483,171,0.6267962669681789,30.84331316317124,147,0.169079318539344,63.79916672333974,123
WPM,options_balanced_m,1,2011-07-29,2026-09-30,3813,0.42878101762191845,0.47496894341071083,0.018877905687473266,0.9966112211973284,-0.2385803548607046,0.10401965719452955,0.3549851051649587,0.39656074656711865,0.015990502743365637,4.488428848832516,-0.44871532872444364,0.13451691592372128,0.18344448277615533,0,0,182,0,0.5410912207034013,4.97130818146344,182,0.38273377945417153,9.783110452485566,180,-0.03438000014417297,31.32518722364013,171,-0.703737737894716,79.67299734061213,147,-2.135942066282643,156.02016784122873,123
WPM,options_balanced_q,3,2011-07-29,2026-09-30,3813,0.47915661632027706,0.5064289573881616,0.018026278325512204,0.9825417294150753,-0.05045842319961613,0.10401965719452955,0.3468370926979375,0.39656074656711865,0.4558436420299367,4.488428848832516,-0.1354952694931174,0.1411232971276855,0.1726421494274037,0,0,61,0,0.6073022710222709,4.401031711597514,182,0.5894280669698014,7.41917223136822,180,0.6451799599007328,16.64478494519257,171,0.5348321146389666,38.76711109588273,147,-0.12825767311691205,78.29909446787828,123
WPM,conditional_options_balanced_m,1,2011-07-29,2026-09-30,3813,0.4237884748599584,0.47138133662318804,0.01896022412592719,0.9994337851691069,-0.24814588419365713,0.10401965719452955,0.35505652679358735,0.39656074656711865,0.013199390902439271,4.488428848832516,-0.46246611617167577,0.13751533256041337,0.18768491235263132,0,0,182,0,0.5363579993080794,5.282169670794362,182,0.3728504048499285,9.905357333030002,180,-0.08470228781836053,32.226110956461504,171,-0.7805181484808217,80.98993231743528,147,-2.2151595906891717,157.80580280988684,123
WPM,conditional_options_balanced_q,3,2011-07-29,2026-09-30,3813,0.4751679836775433,0.5027262973901876,0.018095169546512368,0.9825877630139191,-0.05203495390939106,0.10401965719452955,0.34613098180523916,0.39656074656711865,0.4444941091855719,4.488428848832516,-0.14025025720545736,0.1435736053596451,0.18886981136641548,0,0,61,0,0.6048961496279794,4.665249187933179,182,0.5889180055677811,7.58286188043511,180,0.6422290139826594,16.227992693821435,171,0.561042758529996,37.34741092168042,147,-0.07175943946952623,75.43334948329041,123
WPM,equity_conditional_options_balanced_m,1,2011-07-29,2026-09-30,3813,0.480480262682782,0.5146309588154864,0.018003358195194236,0.977890507590644,-0.1521364318503532,0.10401965719452955,0.3556408186896061,0.39656074656711865,0.08174814247921451,4.488428848832516,-0.3542983929047211,0.12987971889451883,0.17739940817605812,0,0,182,0,0.5944427073929852,4.557004243208318,182,0.514217205158296,9.399652102862094,180,0.29097557369060845,23.27949844320363,171,-0.2763304391987522,66.619776680828,147,-1.5708178293606374,142.6355056494339,123
WPM,equity_conditional_options_balanced_q,3,2011-07-29,2026-09-30,3813,0.5124874572525294,0.5333012650277165,0.017439956338304263,0.9561335087101377,0.03322812168337452,0.10401965719452955,0.34656783203215985,0.39656074656711865,1.6421076168641673,4.488428848832516,-0.047242559439971465,0.13701320772782905,0.1662658594438482,0,0,61,0,0.634839541081684,4.420844423158893,182,0.645355771711553,8.418192827617144,180,0.7954847052877035,10.82060060571186,171,0.7969739974326833,21.21800973363339,147,0.5173643067551439,51.147923555048024,123
